TILE_0_0,-559087616,0,0
TILE_1_0,-559087616,1,0
TILE_2_0,-559087616,2,0
TILE_3_0,-559087616,3,0
TILE_4_0,-559087616,4,0
TILE_5_0,-559087616,5,0
TILE_6_0,-559087616,6,0
TILE_7_0,-559087616,7,0
TILE_8_0,-559087616,8,0
TILE_9_0,-559087616,9,0
TILE_10_0,-559087616,10,0
TILE_11_0,-559087616,11,0
TILE_12_0,-559087616,12,0
TILE_13_0,-559087616,13,0
TILE_14_0,-559087616,14,0
TILE_15_0,-559087616,15,0
TILE_16_0,-559087616,16,0
TILE_17_0,-559087616,17,0
TILE_18_0,-559087616,18,0
TILE_0_1,-559087616,0,1
TILE_1_1,-559087616,1,1
TILE_2_1,-559087616,2,1
TILE_3_1,-559087616,3,1
TILE_4_1,-559087616,4,1
TILE_5_1,-559087616,5,1
TILE_6_1,-559087616,6,1
TILE_7_1,-559087616,7,1
TILE_8_1,-559087616,8,1
TILE_9_1,-559087616,9,1
TILE_10_1,-559087616,10,1
TILE_11_1,-559087616,11,1
TILE_12_1,-559087616,12,1
TILE_13_1,-559087616,13,1
TILE_14_1,-559087616,14,1
TILE_15_1,-559087616,15,1
TILE_16_1,-559087616,16,1
TILE_17_1,-559087616,17,1
TILE_18_1,-559087616,18,1
TILE_0_2,-559087616,0,2
TILE_1_2,-559087616,1,2
TILE_2_2,-559087616,2,2
TILE_3_2,-559087616,3,2
TILE_4_2,-559087616,4,2
TILE_5_2,-559087616,5,2
TILE_6_2,-559087616,6,2
TILE_7_2,-559087616,7,2
TILE_8_2,-559087616,8,2
TILE_9_2,-559087616,9,2
TILE_10_2,-559087616,10,2
TILE_11_2,-559087616,11,2
TILE_12_2,-559087616,12,2
TILE_13_2,-559087616,13,2
TILE_14_2,-559087616,14,2
TILE_15_2,-559087616,15,2
TILE_16_2,-559087616,16,2
TILE_17_2,-559087616,17,2
TILE_18_2,-559087616,18,2
TILE_0_3,-559087616,0,3
TILE_1_3,-559087616,1,3
TILE_2_3,-559087616,2,3
TILE_3_3,-559087616,3,3
TILE_4_3,-559087616,4,3
TILE_5_3,-559087616,5,3
TILE_6_3,-559087616,6,3
TILE_7_3,-559087616,7,3
TILE_8_3,-559087616,8,3
TILE_9_3,-559087616,9,3
TILE_10_3,-559087616,10,3
TILE_11_3,-559087616,11,3
TILE_12_3,-559087616,12,3
TILE_13_3,-559087616,13,3
TILE_14_3,-559087616,14,3
TILE_15_3,-559087616,15,3
TILE_16_3,-559087616,16,3
TILE_17_3,-559087616,17,3
TILE_18_3,-559087616,18,3
TILE_0_4,-559087616,0,4
TILE_1_4,-559087616,1,4
TILE_2_4,-559087616,2,4
TILE_3_4,-559087616,3,4
TILE_4_4,-559087616,4,4
TILE_5_4,-559087616,5,4
TILE_6_4,-559087616,6,4
TILE_7_4,-559087616,7,4
TILE_8_4,-559087616,8,4
TILE_9_4,-559087616,9,4
TILE_10_4,-559087616,10,4
TILE_11_4,-559087616,11,4
TILE_12_4,-559087616,12,4
TILE_13_4,-559087616,13,4
TILE_14_4,-559087616,14,4
TILE_15_4,-559087616,15,4
TILE_16_4,-559087616,16,4
TILE_17_4,-559087616,17,4
TILE_18_4,-559087616,18,4
TILE_0_5,-559087616,0,5
TILE_1_5,-559087616,1,5
TILE_2_5,-559087616,2,5
TILE_3_5,-559087616,3,5
TILE_4_5,-559087616,4,5
TILE_5_5,-559087616,5,5
TILE_6_5,-559087616,6,5
TILE_7_5,-559087616,7,5
TILE_8_5,-559087616,8,5
TILE_9_5,-559087616,9,5
TILE_10_5,-559087616,10,5
TILE_11_5,-559087616,11,5
TILE_12_5,-559087616,12,5
TILE_13_5,-559087616,13,5
TILE_14_5,-559087616,14,5
TILE_15_5,-559087616,15,5
TILE_16_5,-559087616,16,5
TILE_17_5,-559087616,17,5
TILE_18_5,-559087616,18,5
TILE_0_6,-559087616,0,6
TILE_1_6,-559087616,1,6
TILE_2_6,-559087616,2,6
TILE_3_6,-559087616,3,6
TILE_4_6,-559087616,4,6
TILE_5_6,-559087616,5,6
TILE_6_6,-559087616,6,6
TILE_7_6,-559087616,7,6
TILE_8_6,-559087616,8,6
TILE_9_6,-559087616,9,6
TILE_10_6,-559087616,10,6
TILE_11_6,-559087616,11,6
TILE_12_6,-559087616,12,6
TILE_13_6,-559087616,13,6
TILE_14_6,-559087616,14,6
TILE_15_6,-559087616,15,6
TILE_16_6,-559087616,16,6
TILE_17_6,-559087616,17,6
TILE_18_6,-559087616,18,6
TILE_0_7,-559087616,0,7
TILE_1_7,-559087616,1,7
TILE_2_7,-559087616,2,7
TILE_3_7,-559087616,3,7
TILE_4_7,-559087616,4,7
TILE_5_7,-559087616,5,7
TILE_6_7,-559087616,6,7
TILE_7_7,-559087616,7,7
TILE_8_7,-559087616,8,7
TILE_9_7,-559087616,9,7
TILE_10_7,-559087616,10,7
TILE_11_7,-559087616,11,7
TILE_12_7,-559087616,12,7
TILE_13_7,-559087616,13,7
TILE_14_7,-559087616,14,7
TILE_15_7,-559087616,15,7
TILE_16_7,-559087616,16,7
TILE_17_7,-559087616,17,7
TILE_18_7,-559087616,18,7
TILE_0_8,-559087616,0,8
TILE_1_8,-559087616,1,8
TILE_2_8,-559087616,2,8
TILE_3_8,-559087616,3,8
TILE_4_8,-559087616,4,8
TILE_5_8,-559087616,5,8
TILE_6_8,-559087616,6,8
TILE_7_8,-559087616,7,8
TILE_8_8,-559087616,8,8
TILE_9_8,-559087616,9,8
TILE_10_8,-559087616,10,8
TILE_11_8,-559087616,11,8
TILE_12_8,-559087616,12,8
TILE_13_8,-559087616,13,8
TILE_14_8,-559087616,14,8
TILE_15_8,-559087616,15,8
TILE_16_8,-559087616,16,8
TILE_17_8,-559087616,17,8
TILE_18_8,-559087616,18,8
TILE_0_9,-559087616,0,9
TILE_1_9,-559087616,1,9
TILE_2_9,-559087616,2,9
TILE_3_9,-559087616,3,9
TILE_4_9,-559087616,4,9
TILE_5_9,-559087616,5,9
TILE_6_9,-559087616,6,9
TILE_7_9,-559087616,7,9
TILE_8_9,-559087616,8,9
TILE_9_9,-559087616,9,9
TILE_10_9,-559087616,10,9
TILE_11_9,-559087616,11,9
TILE_12_9,-559087616,12,9
TILE_13_9,-559087616,13,9
TILE_14_9,-559087616,14,9
TILE_15_9,-559087616,15,9
TILE_16_9,-559087616,16,9
TILE_17_9,-559087616,17,9
TILE_18_9,-559087616,18,9
TILE_0_10,-559087616,0,10
TILE_1_10,-559087616,1,10
TILE_2_10,-559087616,2,10
TILE_3_10,-559087616,3,10
TILE_4_10,-559087616,4,10
TILE_5_10,-559087616,5,10
TILE_6_10,-559087616,6,10
TILE_7_10,-559087616,7,10
TILE_8_10,-559087616,8,10
TILE_9_10,-559087616,9,10
TILE_10_10,-559087616,10,10
TILE_11_10,-559087616,11,10
TILE_12_10,-559087616,12,10
TILE_13_10,-559087616,13,10
TILE_14_10,-559087616,14,10
TILE_15_10,-559087616,15,10
TILE_16_10,-559087616,16,10
TILE_17_10,-559087616,17,10
TILE_18_10,-559087616,18,10
TILE_0_11,-559087616,0,11
TILE_1_11,-559087616,1,11
TILE_2_11,-559087616,2,11
TILE_3_11,-559087616,3,11
TILE_4_11,-559087616,4,11
TILE_5_11,-559087616,5,11
TILE_6_11,-559087616,6,11
TILE_7_11,-559087616,7,11
TILE_8_11,-559087616,8,11
TILE_9_11,-559087616,9,11
TILE_10_11,-559087616,10,11
TILE_11_11,-559087616,11,11
TILE_12_11,-559087616,12,11
TILE_13_11,-559087616,13,11
TILE_14_11,-559087616,14,11
TILE_15_11,-559087616,15,11
TILE_16_11,-559087616,16,11
TILE_17_11,-559087616,17,11
TILE_18_11,-559087616,18,11
TILE_0_12,-559087616,0,12
TILE_1_12,-559087616,1,12
TILE_2_12,-559087616,2,12
TILE_3_12,-559087616,3,12
TILE_4_12,-559087616,4,12
TILE_5_12,-559087616,5,12
TILE_6_12,-559087616,6,12
TILE_7_12,-559087616,7,12
TILE_8_12,-559087616,8,12
TILE_9_12,-559087616,9,12
TILE_10_12,-559087616,10,12
TILE_11_12,-559087616,11,12
TILE_12_12,-559087616,12,12
TILE_13_12,-559087616,13,12
TILE_14_12,-559087616,14,12
TILE_15_12,-559087616,15,12
TILE_16_12,-559087616,16,12
TILE_17_12,-559087616,17,12
TILE_18_12,-559087616,18,12
TILE_0_13,-559087616,0,13
TILE_1_13,-559087616,1,13
TILE_2_13,-559087616,2,13
TILE_3_13,-559087616,3,13
TILE_4_13,-559087616,4,13
TILE_5_13,-559087616,5,13
TILE_6_13,-559087616,6,13
TILE_7_13,-559087616,7,13
TILE_8_13,-559087616,8,13
TILE_9_13,-559087616,9,13
TILE_10_13,-559087616,10,13
TILE_11_13,-559087616,11,13
TILE_12_13,-559087616,12,13
TILE_13_13,-559087616,13,13
TILE_14_13,-559087616,14,13
TILE_15_13,-559087616,15,13
TILE_16_13,-559087616,16,13
TILE_17_13,-559087616,17,13
TILE_18_13,-559087616,18,13
TILE_0_14,-559087616,0,14
TILE_1_14,-559087616,1,14
TILE_2_14,-559087616,2,14
TILE_3_14,-559087616,3,14
TILE_4_14,-559087616,4,14
TILE_5_14,-559087616,5,14
TILE_6_14,-559087616,6,14
TILE_7_14,-559087616,7,14
TILE_8_14,-559087616,8,14
TILE_9_14,-559087616,9,14
TILE_10_14,-559087616,10,14
TILE_11_14,-559087616,11,14
TILE_12_14,-559087616,12,14
TILE_13_14,-559087616,13,14
TILE_14_14,-559087616,14,14
TILE_15_14,-559087616,15,14
TILE_16_14,-559087616,16,14
TILE_17_14,-559087616,17,14
TILE_18_14,-559087616,18,14
TILE_0_15,-559087616,0,15
TILE_1_15,-559087616,1,15
TILE_2_15,-559087616,2,15
TILE_3_15,-559087616,3,15
TILE_4_15,-559087616,4,15
TILE_5_15,-559087616,5,15
TILE_6_15,-559087616,6,15
TILE_7_15,-559087616,7,15
TILE_8_15,-559087616,8,15
TILE_9_15,-559087616,9,15
TILE_10_15,-559087616,10,15
TILE_11_15,-559087616,11,15
TILE_12_15,-559087616,12,15
TILE_13_15,-559087616,13,15
TILE_14_15,-559087616,14,15
TILE_15_15,-559087616,15,15
TILE_16_15,-559087616,16,15
TILE_17_15,-559087616,17,15
TILE_18_15,-559087616,18,15
TILE_0_16,-559087616,0,16
TILE_1_16,-559087616,1,16
TILE_2_16,-559087616,2,16
TILE_3_16,-559087616,3,16
TILE_4_16,-559087616,4,16
TILE_5_16,-559087616,5,16
TILE_6_16,-559087616,6,16
TILE_7_16,-559087616,7,16
TILE_8_16,-559087616,8,16
TILE_9_16,-559087616,9,16
TILE_10_16,-559087616,10,16
TILE_11_16,-559087616,11,16
TILE_12_16,-559087616,12,16
TILE_13_16,-559087616,13,16
TILE_14_16,-559087616,14,16
TILE_15_16,-559087616,15,16
TILE_16_16,-559087616,16,16
TILE_17_16,-559087616,17,16
TILE_18_16,-559087616,18,16
TILE_0_17,-559087616,0,17
TILE_1_17,-559087616,1,17
TILE_2_17,-559087616,2,17
TILE_3_17,-559087616,3,17
TILE_4_17,-559087616,4,17
TILE_5_17,-559087616,5,17
TILE_6_17,-559087616,6,17
TILE_7_17,-559087616,7,17
TILE_8_17,-559087616,8,17
TILE_9_17,-559087616,9,17
TILE_10_17,-559087616,10,17
TILE_11_17,-559087616,11,17
TILE_12_17,-559087616,12,17
TILE_13_17,-559087616,13,17
TILE_14_17,-559087616,14,17
TILE_15_17,-559087616,15,17
TILE_16_17,-559087616,16,17
TILE_17_17,-559087616,17,17
TILE_18_17,-559087616,18,17
TILE_0_18,-559087616,0,18
TILE_1_18,-559087616,1,18
TILE_2_18,-559087616,2,18
TILE_3_18,-559087616,3,18
TILE_4_18,-559087616,4,18
TILE_5_18,-559087616,5,18
TILE_6_18,-559087616,6,18
TILE_7_18,-559087616,7,18
TILE_8_18,-559087616,8,18
TILE_9_18,-559087616,9,18
TILE_10_18,-559087616,10,18
TILE_11_18,-559087616,11,18
TILE_12_18,-559087616,12,18
TILE_13_18,-559087616,13,18
TILE_14_18,-559087616,14,18
TILE_15_18,-559087616,15,18
TILE_16_18,-559087616,16,18
TILE_17_18,-559087616,17,18
TILE_18_18,-559087616,18,18
